College_Categ,Male,Female,Ratio
1,726,146,4.972602739726027
2,522,85,6.141176470588236
3,367,88,4.170454545454546
4,775,104,7.451923076923077
5,461,104,4.4326923076923075
